{"cameraMode":{"drawMode":0,"name":"Shaded","section":"Shading Mode"},"sceneLighting":false,"audioPlay":false,"sceneViewState":{"showFog":true,"showMaterialUpdate":false,"showSkybox":true,"showFlares":true,"showImageEffects":true,"showParticleSystems":true},"in2DMode":false,"pivot":{"x":-0.8399999737739563,"y":1.440000057220459,"z":1.100000023841858},"rotation":{"x":-0.2742410898208618,"y":0.007786336820572615,"z":-0.0022202758118510248,"w":-0.9616269469261169},"size":4.783324241638184,"orthographic":false}