{"cameraMode":{"drawMode":0,"name":"Shaded","section":"Shading Mode"},"sceneLighting":false,"audioPlay":false,"sceneViewState":{"showFog":true,"showMaterialUpdate":false,"showSkybox":true,"showFlares":true,"showImageEffects":true,"showParticleSystems":true},"in2DMode":false,"pivot":{"x":-2.4484972953796388,"y":1.8348712921142579,"z":2.2858619689941408},"rotation":{"x":-0.2742410898208618,"y":0.007786336820572615,"z":-0.0022202758118510248,"w":-0.9616269469261169},"size":2.981870651245117,"orthographic":false}