{"cameraMode":{"drawMode":0,"name":"Shaded","section":"Shading Mode"},"sceneLighting":false,"audioPlay":false,"sceneViewState":{"showFog":true,"showMaterialUpdate":false,"showSkybox":true,"showFlares":true,"showImageEffects":true,"showParticleSystems":true},"in2DMode":false,"pivot":{"x":-1.780898094177246,"y":1.0499308109283448,"z":0.7242897748947144},"rotation":{"x":-0.2742410898208618,"y":0.007786336820572615,"z":-0.0022202758118510248,"w":-0.9616269469261169},"size":2.914689064025879,"orthographic":false}