{"cameraMode":{"drawMode":0,"name":"Shaded","section":"Shading Mode"},"sceneLighting":false,"audioPlay":false,"sceneViewState":{"showFog":true,"showMaterialUpdate":false,"showSkybox":true,"showFlares":true,"showImageEffects":true,"showParticleSystems":true},"in2DMode":false,"pivot":{"x":-0.5265878438949585,"y":2.718496799468994,"z":4.168147563934326},"rotation":{"x":-0.2742410898208618,"y":0.007786336820572615,"z":-0.0022202758118510248,"w":-0.9616269469261169},"size":5.453482627868652,"orthographic":false}